metro_title,primary_state,region,population,median_income,unemployment_rate,recent_unemployment_change,opportunity_score,annual_payroll_per_employee,establishments_per_10k,industry_entropy,median_income_norm,inverse_unemployment_norm,annual_payroll_per_employee_norm,establishments_per_10k_norm,industry_entropy_norm,business_key,business_type,sector_code,sector_label,market_strength_probability,momentum_score,sector_employment_share,sector_establishments,sector_establishments_per_10k,sector_employment_share_norm,sector_establishments_per_10k_norm,category_fit_score,business_feasibility_score,whitespace_opportunity_score,business_feasibility_rank,business_feasibility_percentile,feasibility_band,entry_strategy,strategy_guidance,strength_1,strength_2,strength_3,risk_1,risk_2,factor_summary,recommendation_summary
"San Jose-Sunnyvale-Santa Clara, CA",CA,West,1995484,164801,4.2,0.6000000000000001,0.7228693742998267,180.1413514796912,252.17942113291812,2.5559449797998663,1.0,0.8502994011976048,1.0,0.3234659797499566,0.5871930161343396,retail,Retail Store,44,Retail Trade,1.0,51.99999999999999,0.06804209446710958,4376,21.929516849045143,0.0,0.08136218607497357,0.03254487442998943,70.97634623289967,80.84724829306249,32,91.96891191709845,High,White-Space Opportunity,Strong overall market with room for category expansion.,Affluent demand,Payroll efficiency,Low unemployment,Category demand footprint,Category location density,"Affluent demand, Payroll efficiency, and Low unemployment","White-Space Opportunity: strongest signals are affluent demand and payroll efficiency, while the main watchout is category demand footprint."
"Midland, TX",TX,South,188071,89627,2.9,0.10000000000000009,0.6174697802098946,88.361703167297,331.15153319756905,2.6537894250969805,0.33752225179336237,0.9281437125748502,0.37796274509704925,0.5105848363507564,0.928626343788809,education,Education / Childcare Services,61,Educational Services,0.96,71.99999999999999,0.010710760600818943,52,2.7649132508467544,0.02143524579375019,0.21803054361149246,0.1000733649208471,70.2022009476254,78.15677171864984,15,96.37305699481865,High,White-Space Opportunity,Strong overall market with room for category expansion.,Economic diversity,Low unemployment,Recent labor momentum,Category demand footprint,Category location density,"Economic diversity, Low unemployment, and Recent labor momentum","White-Space Opportunity: strongest signals are economic diversity and low unemployment, while the main watchout is category demand footprint."
"Midland, TX",TX,South,188071,89627,2.9,0.10000000000000009,0.6174697802098946,88.361703167297,331.15153319756905,2.6537894250969805,0.33752225179336237,0.9281437125748502,0.37796274509704925,0.5105848363507564,0.928626343788809,technology,Technology / IT Services,51,Information,0.96,71.99999999999999,0.008580335590802037,68,3.615655789568833,0.036811955927674264,0.20057993135871874,0.10231914610009206,70.26957438300275,78.04473051002172,19,95.33678756476684,High,White-Space Opportunity,Strong overall market with room for category expansion.,Economic diversity,Low unemployment,Recent labor momentum,Category demand footprint,Category location density,"Economic diversity, Low unemployment, and Recent labor momentum","White-Space Opportunity: strongest signals are economic diversity and low unemployment, while the main watchout is category demand footprint."
"Midland, TX",TX,South,188071,89627,2.9,0.10000000000000009,0.6174697802098946,88.361703167297,331.15153319756905,2.6537894250969805,0.33752225179336237,0.9281437125748502,0.37796274509704925,0.5105848363507564,0.928626343788809,clinic,Health Clinic / Care Service,62,Health Care,0.96,71.99999999999999,0.07783869359992963,470,24.99056207496105,0.0,0.32648583542500453,0.13059433417000182,71.11783002510005,76.63409163085691,36,90.93264248704664,High,White-Space Opportunity,Strong overall market with room for category expansion.,Economic diversity,Low unemployment,Recent labor momentum,Category demand footprint,Category location density,"Economic diversity, Low unemployment, and Recent labor momentum","White-Space Opportunity: strongest signals are economic diversity and low unemployment, while the main watchout is category demand footprint."
"Bridgeport-Stamford-Danbury, CT",CT,Northeast,972679,116402,3.1,0.0,0.5698358800371669,99.26592255421856,276.51465694232115,2.568971814464969,0.5734793873486438,0.9161676646706587,0.451866173787615,0.38112660678293403,0.6326508394681475,construction,Construction / Trades,23,Construction,0.9456381623769406,75.99999999999999,0.035931217169668656,2288,23.522662666717384,0.11604140255772234,0.15505461536178605,0.13164668767934784,70.14407199676627,75.89766586833403,27,93.26424870466322,High,White-Space Opportunity,Strong overall market with room for category expansion.,Low unemployment,Recent labor momentum,Economic diversity,Category demand footprint,Category location density,"Low unemployment, Recent labor momentum, and Economic diversity","White-Space Opportunity: strongest signals are low unemployment and recent labor momentum, while the main watchout is category demand footprint."
"Rochester, MN",MN,Midwest,230742,90584,2.5,0.10000000000000009,0.5502519701434465,73.27920223243598,230.30050879337097,2.5520779882662072,0.3459559017924811,0.9520958083832335,0.275740981872825,0.27162543815099754,0.5736989462018094,technology,Technology / IT Services,51,Information,0.948791301410116,71.99999999999999,0.013813197636244254,75,3.25038354525834,0.07205344132271035,0.1675460251023984,0.11025047483458558,69.7229053437457,75.81791454088817,23,94.30051813471503,High,White-Space Opportunity,Strong overall market with room for category expansion.,Low unemployment,Recent labor momentum,Economic diversity,Category demand footprint,Category location density,"Low unemployment, Recent labor momentum, and Economic diversity","White-Space Opportunity: strongest signals are low unemployment and recent labor momentum, while the main watchout is category demand footprint."
"Odessa, TX",TX,South,170022,78058,3.5,0.10000000000000009,0.5278319304422926,72.00625037743825,234.910776252485,2.6368212801103614,0.2355693815323334,0.8922155688622754,0.2671135411267977,0.2825491421399077,0.8694151112112994,technology,Technology / IT Services,51,Information,0.9,71.99999999999999,0.009210049522889239,38,2.235004881721189,0.04105285777985112,0.07571883563370616,0.05491924892139313,64.6475774676418,75.48455142941,38,90.41450777202073,High,White-Space Opportunity,Strong overall market with room for category expansion.,Low unemployment,Economic diversity,Recent labor momentum,Category demand footprint,Category location density,"Low unemployment, Economic diversity, and Recent labor momentum","White-Space Opportunity: strongest signals are low unemployment and economic diversity, while the main watchout is category demand footprint."
"Odessa, TX",TX,South,170022,78058,3.5,0.10000000000000009,0.5278319304422926,72.00625037743825,234.910776252485,2.6368212801103614,0.2355693815323334,0.8922155688622754,0.2671135411267977,0.2825491421399077,0.8694151112112994,professional_services,Professional Services Firm,54,Professional Services,0.9,71.99999999999999,0.02204372508757096,253,14.880427238827915,0.02973416319931435,0.10669143464820359,0.06051707177887005,64.8155121533661,75.22238308794056,38,90.41450777202073,High,White-Space Opportunity,Strong overall market with room for category expansion.,Low unemployment,Economic diversity,Recent labor momentum,Category demand footprint,Category location density,"Low unemployment, Economic diversity, and Recent labor momentum","White-Space Opportunity: strongest signals are low unemployment and economic diversity, while the main watchout is category demand footprint."
"Odessa, TX",TX,South,170022,78058,3.5,0.10000000000000009,0.5278319304422926,72.00625037743825,234.910776252485,2.6368212801103614,0.2355693815323334,0.8922155688622754,0.2671135411267977,0.2825491421399077,0.8694151112112994,education,Education / Childcare Services,61,Educational Services,0.9,71.99999999999999,0.007307645850948182,33,1.9409252920210327,0.013763509103138593,0.1307053187498196,0.060540232961811005,64.81620698885433,75.2212983574886,34,91.45077720207254,High,White-Space Opportunity,Strong overall market with room for category expansion.,Low unemployment,Economic diversity,Recent labor momentum,Category demand footprint,Category location density,"Low unemployment, Economic diversity, and Recent labor momentum","White-Space Opportunity: strongest signals are low unemployment and economic diversity, while the main watchout is category demand footprint."
"Sioux Falls, SD-MN",SD,Midwest,308711,82509,1.7,0.0,0.5709494288976584,58.57170785941374,297.0415696233694,2.6010140371322676,0.2747942259900946,1.0,0.1760608284344958,0.4297636804283467,0.744463857340751,education,Education / Childcare Services,61,Educational Services,0.9133056922621753,75.99999999999999,0.0190941967882774,86,2.785776988834217,0.04033426029073961,0.22024165676150337,0.11229721887904512,67.30031502472362,75.21668521681663,27,93.26424870466322,High,White-Space Opportunity,Strong overall market with room for category expansion.,Low unemployment,Recent labor momentum,Economic diversity,Category demand footprint,Payroll efficiency,"Low unemployment, Recent labor momentum, and Economic diversity","White-Space Opportunity: strongest signals are low unemployment and recent labor momentum, while the main watchout is category demand footprint."
"Midland, TX",TX,South,188071,89627,2.9,0.10000000000000009,0.6174697802098946,88.361703167297,331.15153319756905,2.6537894250969805,0.33752225179336237,0.9281437125748502,0.37796274509704925,0.5105848363507564,0.928626343788809,professional_services,Professional Services Firm,54,Professional Services,0.96,71.99999999999999,0.034516794198989516,578,30.733074211335083,0.06839599837375253,0.296382561297729,0.15959062354334314,71.98771870630029,75.18747726916226,20,95.07772020725389,High,White-Space Opportunity,Strong overall market with room for category expansion.,Economic diversity,Low unemployment,Recent labor momentum,Category demand footprint,Category location density,"Economic diversity, Low unemployment, and Recent labor momentum","White-Space Opportunity: strongest signals are economic diversity and low unemployment, while the main watchout is category demand footprint."
"San Jose-Sunnyvale-Santa Clara, CA",CA,West,1995484,164801,4.2,0.6000000000000001,0.7228693742998267,180.1413514796912,252.17942113291812,2.5559449797998663,1.0,0.8502994011976048,1.0,0.3234659797499566,0.5871930161343396,construction,Construction / Trades,23,Construction,1.0,51.99999999999999,0.04462985157963899,4177,20.932265054493044,0.16917689980946155,0.12894021346775236,0.15308222527277787,74.59246675818333,74.8837312660749,9,97.92746113989638,High,White-Space Opportunity,Strong overall market with room for category expansion.,Affluent demand,Payroll efficiency,Low unemployment,Category location density,Category demand footprint,"Affluent demand, Payroll efficiency, and Low unemployment","White-Space Opportunity: strongest signals are affluent demand and payroll efficiency, while the main watchout is category location density."
"San Jose-Sunnyvale-Santa Clara, CA",CA,West,1995484,164801,4.2,0.6000000000000001,0.7228693742998267,180.1413514796912,252.17942113291812,2.5559449797998663,1.0,0.8502994011976048,1.0,0.3234659797499566,0.5871930161343396,finance,Finance / Insurance Services,52,Finance & Insurance,1.0,51.99999999999999,0.026299342368838557,2316,11.606206814988244,0.0684177457513952,0.3030092716204623,0.16225435609902206,74.86763068297066,74.42994529870778,17,95.85492227979275,High,White-Space Opportunity,Strong overall market with room for category expansion.,Affluent demand,Payroll efficiency,Low unemployment,Category demand footprint,Category location density,"Affluent demand, Payroll efficiency, and Low unemployment","White-Space Opportunity: strongest signals are affluent demand and payroll efficiency, while the main watchout is category demand footprint."
"San Francisco-Oakland-Fremont, CA",CA,West,4648486,135590,4.2,0.6000000000000001,0.577280763262014,129.83934435994925,286.6438664115585,2.550544475111097,0.7425753917196891,0.8502994011976048,0.6590777694160384,0.40512705510071534,0.5683476715539616,retail,Retail Store,44,Retail Trade,1.0,51.99999999999999,0.08198354984336237,12038,25.89660375442671,0.08095156943808175,0.17638153804051554,0.11912355687905526,73.57370670637165,73.86016129052331,22,94.55958549222798,High,White-Space Opportunity,Strong overall market with room for category expansion.,Low unemployment,Affluent demand,Payroll efficiency,Category demand footprint,Category location density,"Low unemployment, Affluent demand, and Payroll efficiency","White-Space Opportunity: strongest signals are low unemployment and affluent demand, while the main watchout is category demand footprint."
"Sioux Falls, SD-MN",SD,Midwest,308711,82509,1.7,0.0,0.5709494288976584,58.57170785941374,297.0415696233694,2.6010140371322676,0.2747942259900946,1.0,0.1760608284344958,0.4297636804283467,0.744463857340751,professional_services,Professional Services Firm,54,Professional Services,0.9133056922621753,75.99999999999999,0.037863598603381614,809,26.205739348452113,0.0787698365276065,0.24220894269956483,0.14414547899638983,68.25576282824396,73.67553259099834,32,91.96891191709845,High,White-Space Opportunity,Strong overall market with room for category expansion.,Low unemployment,Recent labor momentum,Economic diversity,Category demand footprint,Payroll efficiency,"Low unemployment, Recent labor momentum, and Economic diversity","White-Space Opportunity: strongest signals are low unemployment and recent labor momentum, while the main watchout is category demand footprint."
"Rochester, MN",MN,Midwest,230742,90584,2.5,0.10000000000000009,0.5502519701434465,73.27920223243598,230.30050879337097,2.5520779882662072,0.3459559017924811,0.9520958083832335,0.275740981872825,0.27162543815099754,0.5736989462018094,finance,Finance / Insurance Services,52,Finance & Insurance,0.948791301410116,71.99999999999999,0.01736703873933027,302,13.088211075573584,0.028959511922560296,0.3700310321428122,0.16538812001066105,71.37703469902796,73.13198690027124,28,93.00518134715026,High,White-Space Opportunity,Strong overall market with room for category expansion.,Low unemployment,Recent labor momentum,Economic diversity,Category demand footprint,Business density,"Low unemployment, Recent labor momentum, and Economic diversity","White-Space Opportunity: strongest signals are low unemployment and recent labor momentum, while the main watchout is category demand footprint."
"Midland, TX",TX,South,188071,89627,2.9,0.10000000000000009,0.6174697802098946,88.361703167297,331.15153319756905,2.6537894250969805,0.33752225179336237,0.9281437125748502,0.37796274509704925,0.5105848363507564,0.928626343788809,retail,Retail Store,44,Retail Trade,0.96,71.99999999999999,0.09351393082959532,577,30.679902802664948,0.1479031474379287,0.29095073873143795,0.2051221839553324,73.35366551865997,72.9159242316585,23,94.30051813471503,High,White-Space Opportunity,Strong overall market with room for category expansion.,Economic diversity,Low unemployment,Recent labor momentum,Category demand footprint,Category location density,"Economic diversity, Low unemployment, and Recent labor momentum","White-Space Opportunity: strongest signals are economic diversity and low unemployment, while the main watchout is category demand footprint."
"Durham-Chapel Hill, NC",NC,South,620522,83542,3.2,0.10000000000000009,0.4907960290661043,83.54472092553891,229.1135527829795,2.5496255304769577,0.28389763293794174,0.9101796407185628,0.34531561181995624,0.2688130294956728,0.5651409660183366,retail,Retail Store,44,Retail Trade,0.9142857142857143,71.99999999999999,0.08168779338138114,1561,25.1562394242267,0.07923424874790358,0.15864839012823378,0.11099990530003567,67.32999715900107,72.90007042262496,39,90.15544041450777,High,White-Space Opportunity,Strong overall market with room for category expansion.,Low unemployment,Recent labor momentum,Economic diversity,Category demand footprint,Category location density,"Low unemployment, Recent labor momentum, and Economic diversity","White-Space Opportunity: strongest signals are low unemployment and recent labor momentum, while the main watchout is category demand footprint."
"Seattle-Tacoma-Bellevue, WA",WA,West,4145494,112388,4.2,0.20000000000000018,0.5179830091449329,96.52518174596057,267.0007482823519,2.5731787482229294,0.5381056453460704,0.8502994011976048,0.4332907824005566,0.35858407038982726,0.6473311556357189,retail,Retail Store,44,Retail Trade,0.96,67.99999999999999,0.09556449109273647,10161,24.510950926475832,0.15980980044141588,0.14319249103917459,0.15316287668051937,71.79488630041557,72.79316969449127,29,92.74611398963731,High,White-Space Opportunity,Strong overall market with room for category expansion.,Low unemployment,Recent labor momentum,Economic diversity,Category location density,Category demand footprint,"Low unemployment, Recent labor momentum, and Economic diversity","White-Space Opportunity: strongest signals are low unemployment and recent labor momentum, while the main watchout is category location density."
"Trenton-Princeton, NJ",NJ,Northeast,392138,104148,4.4,0.3000000000000007,0.49621591821550415,86.38403492929604,246.92837725494599,2.523039126262402,0.4654898919576291,0.8383233532934131,0.36455908377893603,0.3110240011739956,0.4723663130088799,construction,Construction / Trades,23,Construction,0.9142857142857143,63.99999999999997,0.026893444512757454,700,17.850858626299924,0.060834283653780866,0.09787583729439872,0.075650905110028,66.26952715330083,72.75081788096088,37,90.67357512953367,High,White-Space Opportunity,Strong overall market with room for category expansion.,Low unemployment,Recent labor momentum,Economic diversity,Category demand footprint,Category location density,"Low unemployment, Recent labor momentum, and Economic diversity","White-Space Opportunity: strongest signals are low unemployment and recent labor momentum, while the main watchout is category demand footprint."
"San Jose-Sunnyvale-Santa Clara, CA",CA,West,1995484,164801,4.2,0.6000000000000001,0.7228693742998267,180.1413514796912,252.17942113291812,2.5559449797998663,1.0,0.8502994011976048,1.0,0.3234659797499566,0.5871930161343396,restaurant,Restaurant / Food Service,72,Accommodation & Food,1.0,51.99999999999999,0.07475166980286248,5230,26.209180329183294,0.06959757671208451,0.3890168370325583,0.19736528084027405,75.92095842520821,72.69285222287913,4,99.22279792746113,High,White-Space Opportunity,Strong overall market with room for category expansion.,Affluent demand,Payroll efficiency,Low unemployment,Category demand footprint,Business density,"Affluent demand, Payroll efficiency, and Low unemployment","White-Space Opportunity: strongest signals are affluent demand and payroll efficiency, while the main watchout is category demand footprint."
"Rochester, MN",MN,Midwest,230742,90584,2.5,0.10000000000000009,0.5502519701434465,73.27920223243598,230.30050879337097,2.5520779882662072,0.3459559017924811,0.9520958083832335,0.275740981872825,0.27162543815099754,0.5736989462018094,construction,Construction / Trades,23,Construction,0.948791301410116,71.99999999999999,0.04298260013131976,657,28.473359856463063,0.1591146853652304,0.20496374724894326,0.17745431011871554,71.73902040226959,72.54420493343774,22,94.55958549222798,High,White-Space Opportunity,Strong overall market with room for category expansion.,Low unemployment,Recent labor momentum,Economic diversity,Category demand footprint,Category location density,"Low unemployment, Recent labor momentum, and Economic diversity","White-Space Opportunity: strongest signals are low unemployment and recent labor momentum, while the main watchout is category demand footprint."
"Dubuque, IA",IA,Midwest,99242,80512,3.3,0.2999999999999998,0.5555408998364277,55.4356158063772,282.5416658269684,2.598351713371267,0.2571954809031144,0.904191616766467,0.1548059410203067,0.395407179781853,0.7351735388331267,professional_services,Professional Services Firm,54,Professional Services,0.9095382726423052,64.0,0.03369549779860815,185,18.641301062050342,0.06585028762868535,0.15169366007787533,0.10018763660836133,66.6733081832122,72.49861355503919,35,91.19170984455958,High,White-Space Opportunity,Strong overall market with room for category expansion.,Low unemployment,Economic diversity,Recent labor momentum,Category demand footprint,Category location density,"Low unemployment, Economic diversity, and Recent labor momentum","White-Space Opportunity: strongest signals are low unemployment and economic diversity, while the main watchout is category demand footprint."
"San Jose-Sunnyvale-Santa Clara, CA",CA,West,1995484,164801,4.2,0.6000000000000001,0.7228693742998267,180.1413514796912,252.17942113291812,2.5559449797998663,1.0,0.8502994011976048,1.0,0.3234659797499566,0.5871930161343396,personal_services,Salon / Repair / Personal Services,81,Other Services,1.0,51.99999999999999,0.024690899859060964,3985,19.970092468794537,0.0986018119289368,0.3565398470450459,0.20177702597538041,76.05331077926141,72.47458363602217,22,94.55958549222798,High,White-Space Opportunity,Strong overall market with room for category expansion.,Affluent demand,Payroll efficiency,Low unemployment,Category demand footprint,Business density,"Affluent demand, Payroll efficiency, and Low unemployment","White-Space Opportunity: strongest signals are affluent demand and payroll efficiency, while the main watchout is category demand footprint."
"Odessa, TX",TX,South,170022,78058,3.5,0.10000000000000009,0.5278319304422926,72.00625037743825,234.910776252485,2.6368212801103614,0.2355693815323334,0.8922155688622754,0.2671135411267977,0.2825491421399077,0.8694151112112994,clinic,Health Clinic / Care Service,62,Health Care,0.9,71.99999999999999,0.11070177557676047,300,17.644775382009385,0.11253970274527354,0.13287151688273546,0.12067242840025831,66.62017285200776,72.40506812863138,45,88.60103626943005,High,White-Space Opportunity,Strong overall market with room for category expansion.,Low unemployment,Economic diversity,Recent labor momentum,Category demand footprint,Category location density,"Low unemployment, Economic diversity, and Recent labor momentum","White-Space Opportunity: strongest signals are low unemployment and economic diversity, while the main watchout is category demand footprint."
"Durham-Chapel Hill, NC",NC,South,620522,83542,3.2,0.10000000000000009,0.4907960290661043,83.54472092553891,229.1135527829795,2.5496255304769577,0.28389763293794174,0.9101796407185628,0.34531561181995624,0.2688130294956728,0.5651409660183366,construction,Construction / Trades,23,Construction,0.9142857142857143,71.99999999999999,0.03735424520010156,1363,21.965377536976934,0.12473395111609697,0.13935526111990046,0.13058247511761836,67.91747425352854,71.98241199203432,33,91.70984455958549,High,White-Space Opportunity,Strong overall market with room for category expansion.,Low unemployment,Recent labor momentum,Economic diversity,Category demand footprint,Category location density,"Low unemployment, Recent labor momentum, and Economic diversity","White-Space Opportunity: strongest signals are low unemployment and recent labor momentum, while the main watchout is category demand footprint."
"Bismarck, ND",ND,Midwest,138774,86769,2.3,0.2999999999999998,0.5705013293339585,57.17260204512803,299.76796806318185,2.5946366736677784,0.3123358654846044,0.9640718562874251,0.16657837828307684,0.43622368947911466,0.7222097127878274,education,Education / Childcare Services,61,Educational Services,0.9054413324071344,64.0,0.026637370066762443,36,2.594145877469843,0.05733904662842992,0.1999328285666904,0.11437655940373412,66.81219005061143,71.91073942527422,30,92.48704663212435,High,White-Space Opportunity,Strong overall market with room for category expansion.,Low unemployment,Economic diversity,Recent labor momentum,Category demand footprint,Payroll efficiency,"Low unemployment, Economic diversity, and Recent labor momentum","White-Space Opportunity: strongest signals are low unemployment and economic diversity, while the main watchout is category demand footprint."
"Rochester, MN",MN,Midwest,230742,90584,2.5,0.10000000000000009,0.5502519701434465,73.27920223243598,230.30050879337097,2.5520779882662072,0.3459559017924811,0.9520958083832335,0.275740981872825,0.27162543815099754,0.5736989462018094,restaurant,Restaurant / Food Service,72,Accommodation & Food,0.948791301410116,71.99999999999999,0.08499671700590938,550,23.83614599856116,0.10698929343849545,0.31984104728297663,0.1921299949762879,72.17929094799675,71.82930629244463,15,96.37305699481865,High,White-Space Opportunity,Strong overall market with room for category expansion.,Low unemployment,Recent labor momentum,Economic diversity,Category demand footprint,Business density,"Low unemployment, Recent labor momentum, and Economic diversity","White-Space Opportunity: strongest signals are low unemployment and recent labor momentum, while the main watchout is category demand footprint."
"Bloomington, IL",IL,Midwest,172069,81240,3.9,0.19999999999999973,0.4753872812184707,72.95727151301956,202.30256466882471,2.5444368477081114,0.26361104746461744,0.8682634730538922,0.2735590940070848,0.20528628177299302,0.5470347851459222,technology,Technology / IT Services,51,Information,0.8666666666666668,68.0,0.0058337191613201935,48,2.789578599282846,0.018314460303905978,0.1258724853662013,0.06133767032882411,62.506796776531395,71.44460090227098,42,89.37823834196891,High,White-Space Opportunity,Strong overall market with room for category expansion.,Low unemployment,Recent labor momentum,Economic diversity,Category demand footprint,Category location density,"Low unemployment, Recent labor momentum, and Economic diversity","White-Space Opportunity: strongest signals are low unemployment and recent labor momentum, while the main watchout is category demand footprint."
"Midland, TX",TX,South,188071,89627,2.9,0.10000000000000009,0.6174697802098946,88.361703167297,331.15153319756905,2.6537894250969805,0.33752225179336237,0.9281437125748502,0.37796274509704925,0.5105848363507564,0.928626343788809,restaurant,Restaurant / Food Service,72,Accommodation & Food,0.96,71.99999999999999,0.08986875409227281,503,26.745218561075337,0.12477094217113287,0.40464276690158807,0.23671967206331496,74.30159016189944,71.33953700838475,7,98.44559585492227,High,White-Space Opportunity,Strong overall market with room for category expansion.,Economic diversity,Low unemployment,Recent labor momentum,Category demand footprint,Affluent demand,"Economic diversity, Low unemployment, and Recent labor momentum","White-Space Opportunity: strongest signals are economic diversity and low unemployment, while the main watchout is category demand footprint."
"Des Moines-West Des Moines, IA",IA,Midwest,753913,85446,3.0,0.2999999999999998,0.5438334659837256,65.6230887961026,251.30220595745132,2.5914859690038288,0.3006768070218728,0.9221556886227544,0.22385161562735334,0.32138748018428914,0.7112151634845723,education,Education / Childcare Services,61,Educational Services,0.9142857142857143,64.0,0.020218940280789677,237,3.1435987972086967,0.04286980098015091,0.25816316949967766,0.1289871483879616,67.86961445163884,71.19061011094256,24,94.04145077720207,High,White-Space Opportunity,Strong overall market with room for category expansion.,Low unemployment,Economic diversity,Recent labor momentum,Category demand footprint,Payroll efficiency,"Low unemployment, Economic diversity, and Recent labor momentum","White-Space Opportunity: strongest signals are low unemployment and economic diversity, while the main watchout is category demand footprint."
"Bridgeport-Stamford-Danbury, CT",CT,Northeast,972679,116402,3.1,0.0,0.5698358800371669,99.26592255421856,276.51465694232115,2.568971814464969,0.5734793873486438,0.9161676646706587,0.451866173787615,0.38112660678293403,0.6326508394681475,restaurant,Restaurant / Food Service,72,Accommodation & Food,0.9456381623769406,75.99999999999999,0.0882344104436132,2552,26.236816051338625,0.11880601945939423,0.38982243975002673,0.22721258757564722,73.01104899365527,71.17249692068224,12,97.15025906735751,High,White-Space Opportunity,Strong overall market with room for category expansion.,Low unemployment,Recent labor momentum,Economic diversity,Category demand footprint,Business density,"Low unemployment, Recent labor momentum, and Economic diversity","White-Space Opportunity: strongest signals are low unemployment and recent labor momentum, while the main watchout is category demand footprint."
"Idaho Falls, ID",ID,West,171773,85767,3.1,0.3999999999999999,0.48603583413051743,58.41020892412755,290.61610381142555,2.499081973503822,0.30350564887110704,0.9161676646706587,0.1749662681891434,0.41453899180821485,0.3887665709627183,technology,Technology / IT Services,51,Information,0.9,60.0,0.008058915446495746,49,2.8526019805208036,0.03330037464754998,0.1315720929881846,0.07260906198380382,65.17827185951411,70.98725871175637,36,90.93264248704664,High,White-Space Opportunity,Strong overall market with room for category expansion.,Low unemployment,Recent labor momentum,Business density,Category demand footprint,Category location density,"Low unemployment, Recent labor momentum, and Business density","White-Space Opportunity: strongest signals are low unemployment and recent labor momentum, while the main watchout is category demand footprint."
"Logan, UT-ID",UT,West,160053,81144,2.8,0.3999999999999999,0.4750507826844347,50.2022580154478,281.90661843264417,2.5348930945511072,0.26276503868727635,0.934131736526946,0.11933681933535162,0.39390247971487247,0.513731357559268,restaurant,Restaurant / Food Service,72,Accommodation & Food,0.9086529340686337,60.0,0.08007842209339666,240,14.995032895353413,0.08903881585641751,0.062115748795857274,0.07826958903219342,65.95379305577016,70.9793599449714,36,90.93264248704664,High,White-Space Opportunity,Strong overall market with room for category expansion.,Low unemployment,Recent labor momentum,Economic diversity,Category location density,Category demand footprint,"Low unemployment, Recent labor momentum, and Economic diversity","White-Space Opportunity: strongest signals are low unemployment and recent labor momentum, while the main watchout is category location density."
"Fargo, ND-MN",ND,Midwest,267793,76945,2.3,0.3999999999999999,0.5315457617920456,60.68639239776423,272.37455796081304,2.586875576792727,0.22576096727003542,0.9640718562874251,0.19039311875602685,0.3713169338822051,0.695126957867496,education,Education / Childcare Services,61,Educational Services,0.906115637858109,60.0,0.020635518617327993,66,2.464590187196827,0.04380890516670716,0.18620267673131238,0.10076641379254925,66.4510870638441,70.90453530254078,32,91.96891191709845,High,White-Space Opportunity,Strong overall market with room for category expansion.,Low unemployment,Economic diversity,Recent labor momentum,Category demand footprint,Category location density,"Low unemployment, Economic diversity, and Recent labor momentum","White-Space Opportunity: strongest signals are low unemployment and economic diversity, while the main watchout is category demand footprint."
"Bloomington, IL",IL,Midwest,172069,81240,3.9,0.19999999999999973,0.4753872812184707,72.95727151301956,202.30256466882471,2.5444368477081114,0.26361104746461744,0.8682634730538922,0.2735590940070848,0.20528628177299302,0.5470347851459222,construction,Construction / Trades,23,Construction,0.8666666666666668,68.0,0.028150009921291092,289,16.795587816515468,0.0685099974112461,0.0872374063818215,0.07600096099947626,62.94669549665096,70.79201632162203,50,87.30569948186529,High,White-Space Opportunity,Strong overall market with room for category expansion.,Low unemployment,Recent labor momentum,Economic diversity,Category demand footprint,Category location density,"Low unemployment, Recent labor momentum, and Economic diversity","White-Space Opportunity: strongest signals are low unemployment and recent labor momentum, while the main watchout is category demand footprint."
"Odessa, TX",TX,South,170022,78058,3.5,0.10000000000000009,0.5278319304422926,72.00625037743825,234.910776252485,2.6368212801103614,0.2355693815323334,0.8922155688622754,0.2671135411267977,0.2825491421399077,0.8694151112112994,finance,Finance / Insurance Services,52,Finance & Insurance,0.9,71.99999999999999,0.019809155695132263,208,12.233710931526508,0.03974750412213828,0.3313873483533898,0.1564034418146389,67.69210325443916,70.7316424479029,36,90.93264248704664,High,White-Space Opportunity,Strong overall market with room for category expansion.,Low unemployment,Economic diversity,Recent labor momentum,Category demand footprint,Affluent demand,"Low unemployment, Economic diversity, and Recent labor momentum","White-Space Opportunity: strongest signals are low unemployment and economic diversity, while the main watchout is category demand footprint."
"Midland, TX",TX,South,188071,89627,2.9,0.10000000000000009,0.6174697802098946,88.361703167297,331.15153319756905,2.6537894250969805,0.33752225179336237,0.9281437125748502,0.37796274509704925,0.5105848363507564,0.928626343788809,finance,Finance / Insurance Services,52,Finance & Insurance,0.96,71.99999999999999,0.022437870747700997,320,17.014850774441566,0.0513597888715031,0.5476083256460972,0.24985920358134076,74.69577610744021,70.68401054583705,18,95.59585492227978,High,White-Space Opportunity,Strong overall market with room for category expansion.,Economic diversity,Low unemployment,Recent labor momentum,Category demand footprint,Affluent demand,"Economic diversity, Low unemployment, and Recent labor momentum","White-Space Opportunity: strongest signals are economic diversity and low unemployment, while the main watchout is category demand footprint."
"Austin-Round Rock-San Marcos, TX",TX,South,2550637,99897,3.5,0.0,0.5337636515578335,78.46639456278479,259.85665541588236,2.5453971393049013,0.42802756578599505,0.8922155688622754,0.3108972168023946,0.341656645585368,0.550385773077991,clinic,Health Clinic / Care Service,62,Health Care,0.96,75.99999999999999,0.11600435315027581,7125,27.93419839828247,0.13069839231455652,0.40407182649700213,0.24004776598753477,74.40143297962604,70.59647000695199,25,93.78238341968913,High,White-Space Opportunity,Strong overall market with room for category expansion.,Low unemployment,Recent labor momentum,Economic diversity,Category demand footprint,Payroll efficiency,"Low unemployment, Recent labor momentum, and Economic diversity","White-Space Opportunity: strongest signals are low unemployment and recent labor momentum, while the main watchout is category demand footprint."
"Sioux Falls, SD-MN",SD,Midwest,308711,82509,1.7,0.0,0.5709494288976584,58.57170785941374,297.0415696233694,2.6010140371322676,0.2747942259900946,1.0,0.1760608284344958,0.4297636804283467,0.744463857340751,restaurant,Restaurant / Food Service,72,Accommodation & Food,0.9133056922621753,75.99999999999999,0.09207937489459779,737,23.87346093919556,0.13283912430751815,0.3209288067201385,0.2080749972725663,70.17364837652926,70.58195245206414,23,94.30051813471503,High,White-Space Opportunity,Strong overall market with room for category expansion.,Low unemployment,Recent labor momentum,Economic diversity,Category demand footprint,Payroll efficiency,"Low unemployment, Recent labor momentum, and Economic diversity","White-Space Opportunity: strongest signals are low unemployment and recent labor momentum, while the main watchout is category demand footprint."
"San Francisco-Oakland-Fremont, CA",CA,West,4648486,135590,4.2,0.6000000000000001,0.577280763262014,129.83934435994925,286.6438664115585,2.550544475111097,0.7425753917196891,0.8502994011976048,0.6590777694160384,0.40512705510071534,0.5683476715539616,construction,Construction / Trades,23,Construction,1.0,51.99999999999999,0.05273432248280461,10836,23.310815607490266,0.21868295686462016,0.1529189357971436,0.19237734843762955,75.7713204531289,70.36395053850023,4,99.22279792746113,High,White-Space Opportunity,Strong overall market with room for category expansion.,Low unemployment,Affluent demand,Payroll efficiency,Category location density,Category demand footprint,"Low unemployment, Affluent demand, and Payroll efficiency","White-Space Opportunity: strongest signals are low unemployment and affluent demand, while the main watchout is category location density."
"Austin-Round Rock-San Marcos, TX",TX,South,2550637,99897,3.5,0.0,0.5337636515578335,78.46639456278479,259.85665541588236,2.5453971393049013,0.42802756578599505,0.8922155688622754,0.3108972168023946,0.341656645585368,0.550385773077991,retail,Retail Store,44,Retail Trade,0.96,75.99999999999999,0.11766461549091942,6650,26.071918505063636,0.2881349793073983,0.18058066308940807,0.2451132528202022,74.55339758460606,70.34580356121602,16,96.11398963730569,High,White-Space Opportunity,Strong overall market with room for category expansion.,Low unemployment,Recent labor momentum,Economic diversity,Category location density,Category demand footprint,"Low unemployment, Recent labor momentum, and Economic diversity","White-Space Opportunity: strongest signals are low unemployment and recent labor momentum, while the main watchout is category location density."
"Minot, ND",ND,Midwest,75815,70782,2.5,0.3999999999999999,0.5598440653696164,55.956677311377014,302.4467453670118,2.6288614965511004,0.1714489662830252,0.9520958083832335,0.15833743927907606,0.44257086360268977,0.8416390286774859,technology,Technology / IT Services,51,Information,0.9,60.0,0.01423569697202878,26,3.4294005144100774,0.07489882574946616,0.18373567506721292,0.11843356547656486,66.55300696429694,70.31785037817785,34,91.45077720207254,High,White-Space Opportunity,Strong overall market with room for category expansion.,Low unemployment,Economic diversity,Recent labor momentum,Category demand footprint,Payroll efficiency,"Low unemployment, Economic diversity, and Recent labor momentum","White-Space Opportunity: strongest signals are low unemployment and economic diversity, while the main watchout is category demand footprint."
"Salt Lake City-Murray, UT",UT,West,1300762,100548,3.2,0.5,0.542054426191682,70.06115935763601,283.82594202475167,2.5825863613477873,0.4337645628073391,0.9101796407185628,0.25393067214939746,0.398450181765795,0.6801595154342985,restaurant,Restaurant / Food Service,72,Accommodation & Food,0.96,55.99999999999999,0.08218438790488583,2794,21.479717273413584,0.09672503491407983,0.25114932380169513,0.15849475046912595,71.95484251407377,70.25766555279185,16,96.11398963730569,High,White-Space Opportunity,Strong overall market with room for category expansion.,Low unemployment,Economic diversity,Recent labor momentum,Category demand footprint,Category location density,"Low unemployment, Economic diversity, and Recent labor momentum","White-Space Opportunity: strongest signals are low unemployment and economic diversity, while the main watchout is category demand footprint."
"Trenton-Princeton, NJ",NJ,Northeast,392138,104148,4.4,0.3000000000000007,0.49621591821550415,86.38403492929604,246.92837725494599,2.523039126262402,0.4654898919576291,0.8383233532934131,0.36455908377893603,0.3110240011739956,0.4723663130088799,restaurant,Restaurant / Food Service,72,Accommodation & Food,0.9142857142857143,63.99999999999997,0.06512738241623117,875,22.313573282874906,0.034471469382148394,0.2754568726843946,0.13086563070304688,67.9259689210914,70.22606825683722,33,91.70984455958549,High,White-Space Opportunity,Strong overall market with room for category expansion.,Low unemployment,Recent labor momentum,Economic diversity,Category demand footprint,Category location density,"Low unemployment, Recent labor momentum, and Economic diversity","White-Space Opportunity: strongest signals are low unemployment and recent labor momentum, while the main watchout is category demand footprint."
"Durham-Chapel Hill, NC",NC,South,620522,83542,3.2,0.10000000000000009,0.4907960290661043,83.54472092553891,229.1135527829795,2.5496255304769577,0.28389763293794174,0.9101796407185628,0.34531561181995624,0.2688130294956728,0.5651409660183366,restaurant,Restaurant / Food Service,72,Accommodation & Food,0.9142857142857143,71.99999999999999,0.08784351256860486,1333,21.48191361466636,0.11737934544593326,0.25121334885129504,0.17091294680807798,69.12738840424232,70.09248652764414,27,93.26424870466322,High,White-Space Opportunity,Strong overall market with room for category expansion.,Low unemployment,Recent labor momentum,Economic diversity,Category demand footprint,Category location density,"Low unemployment, Recent labor momentum, and Economic diversity","White-Space Opportunity: strongest signals are low unemployment and recent labor momentum, while the main watchout is category demand footprint."
"Seattle-Tacoma-Bellevue, WA",WA,West,4145494,112388,4.2,0.20000000000000018,0.5179830091449329,96.52518174596057,267.0007482823519,2.5731787482229294,0.5381056453460704,0.8502994011976048,0.4332907824005566,0.35858407038982726,0.6473311556357189,finance,Finance / Insurance Services,52,Finance & Insurance,0.96,67.99999999999999,0.035518141162972486,5365,12.941762791117295,0.1091415649953165,0.3634080944692985,0.2108481767849093,73.52544530354727,70.01874926214141,23,94.30051813471503,High,White-Space Opportunity,Strong overall market with room for category expansion.,Low unemployment,Recent labor momentum,Economic diversity,Category demand footprint,Business density,"Low unemployment, Recent labor momentum, and Economic diversity","White-Space Opportunity: strongest signals are low unemployment and recent labor momentum, while the main watchout is category demand footprint."
"Minot, ND",ND,Midwest,75815,70782,2.5,0.3999999999999999,0.5598440653696164,55.956677311377014,302.4467453670118,2.6288614965511004,0.1714489662830252,0.9520958083832335,0.15833743927907606,0.44257086360268977,0.8416390286774859,education,Education / Childcare Services,61,Educational Services,0.9,60.0,0.011734831287753452,26,3.4294005144100774,0.023743836963952034,0.288452082041592,0.12962713499500803,66.88881404985024,69.80945939623166,29,92.74611398963731,High,White-Space Opportunity,Strong overall market with room for category expansion.,Low unemployment,Economic diversity,Recent labor momentum,Category demand footprint,Payroll efficiency,"Low unemployment, Economic diversity, and Recent labor momentum","White-Space Opportunity: strongest signals are low unemployment and economic diversity, while the main watchout is category demand footprint."
"Minot, ND",ND,Midwest,75815,70782,2.5,0.3999999999999999,0.5598440653696164,55.956677311377014,302.4467453670118,2.6288614965511004,0.1714489662830252,0.9520958083832335,0.15833743927907606,0.44257086360268977,0.8416390286774859,professional_services,Professional Services Firm,54,Professional Services,0.9,60.0,0.04670847601092686,158,20.84020312603047,0.10618563847771176,0.1780054937187647,0.13491358057413294,67.047407417224,69.56935893010706,33,91.70984455958549,High,White-Space Opportunity,Strong overall market with room for category expansion.,Low unemployment,Economic diversity,Recent labor momentum,Category demand footprint,Payroll efficiency,"Low unemployment, Economic diversity, and Recent labor momentum","White-Space Opportunity: strongest signals are low unemployment and economic diversity, while the main watchout is category demand footprint."
"Cheyenne, WY",WY,West,101783,83258,3.4,0.3999999999999999,0.5203175875385251,56.61908988220107,356.1498482064785,2.5667045640718924,0.28139485697164107,0.8982035928143712,0.16282694544678444,0.5698165828384831,0.6247391502150333,education,Education / Childcare Services,61,Educational Services,0.9142857142857143,60.0,0.0065085256306815125,38,3.7334328915437744,0.01196203005684365,0.3206730573775246,0.13544644098511605,68.06339322955347,69.54073346321344,23,94.30051813471503,High,White-Space Opportunity,Strong overall market with room for category expansion.,Low unemployment,Economic diversity,Recent labor momentum,Category demand footprint,Payroll efficiency,"Low unemployment, Economic diversity, and Recent labor momentum","White-Space Opportunity: strongest signals are low unemployment and economic diversity, while the main watchout is category demand footprint."
"Billings, MT",MT,West,192531,77770,2.8,0.3999999999999999,0.5462445252046694,57.61572731423776,353.0340568531821,2.601407590632814,0.2330313552003102,0.934131736526946,0.1695816631184789,0.562433934708746,0.7458371829382696,education,Education / Childcare Services,61,Educational Services,0.9,60.0,0.012637138872777086,66,3.4280193838914252,0.02577793417049079,0.28830571153725054,0.1307890451171947,66.92367135351584,69.50604085983379,28,93.00518134715026,High,White-Space Opportunity,Strong overall market with room for category expansion.,Low unemployment,Economic diversity,Recent labor momentum,Category demand footprint,Payroll efficiency,"Low unemployment, Economic diversity, and Recent labor momentum","White-Space Opportunity: strongest signals are low unemployment and economic diversity, while the main watchout is category demand footprint."
"Bismarck, ND",ND,Midwest,138774,86769,2.3,0.2999999999999998,0.5705013293339585,57.17260204512803,299.76796806318185,2.5946366736677784,0.3123358654846044,0.9640718562874251,0.16657837828307684,0.43622368947911466,0.7222097127878274,professional_services,Professional Services Firm,54,Professional Services,0.9054413324071344,64.0,0.045668892081467086,387,27.887068182800814,0.10296331827955184,0.2623275488483711,0.16670901050707956,68.3821635837118,69.48640827920119,31,92.2279792746114,High,White-Space Opportunity,Strong overall market with room for category expansion.,Low unemployment,Economic diversity,Recent labor momentum,Category demand footprint,Payroll efficiency,"Low unemployment, Economic diversity, and Recent labor momentum","White-Space Opportunity: strongest signals are low unemployment and economic diversity, while the main watchout is category demand footprint."
"Seattle-Tacoma-Bellevue, WA",WA,West,4145494,112388,4.2,0.20000000000000018,0.5179830091449329,96.52518174596057,267.0007482823519,2.5731787482229294,0.5381056453460704,0.8502994011976048,0.4332907824005566,0.35858407038982726,0.6473311556357189,restaurant,Restaurant / Food Service,72,Accommodation & Food,0.96,67.99999999999999,0.09312069184195597,10337,24.935508289241284,0.13663965616904516,0.35188831002054055,0.22273911770964333,73.8821735312893,69.44684499187245,10,97.66839378238342,High,White-Space Opportunity,Strong overall market with room for category expansion.,Low unemployment,Recent labor momentum,Economic diversity,Category demand footprint,Category location density,"Low unemployment, Recent labor momentum, and Economic diversity","White-Space Opportunity: strongest signals are low unemployment and recent labor momentum, while the main watchout is category demand footprint."
"Bloomington, IL",IL,Midwest,172069,81240,3.9,0.19999999999999973,0.4753872812184707,72.95727151301956,202.30256466882471,2.5444368477081114,0.26361104746461744,0.8682634730538922,0.2735590940070848,0.20528628177299302,0.5470347851459222,professional_services,Professional Services Firm,54,Professional Services,0.8666666666666668,68.0,0.036311925391891,327,19.004004207614386,0.07396023165719633,0.1560337282343599,0.10678963028806177,63.87035557530852,69.42177745179968,42,89.37823834196891,High,White-Space Opportunity,Strong overall market with room for category expansion.,Low unemployment,Recent labor momentum,Economic diversity,Category demand footprint,Category location density,"Low unemployment, Recent labor momentum, and Economic diversity","White-Space Opportunity: strongest signals are low unemployment and recent labor momentum, while the main watchout is category demand footprint."
"Durham-Chapel Hill, NC",NC,South,620522,83542,3.2,0.10000000000000009,0.4907960290661043,83.54472092553891,229.1135527829795,2.5496255304769577,0.28389763293794174,0.9101796407185628,0.34531561181995624,0.2688130294956728,0.5651409660183366,finance,Finance / Insurance Services,52,Finance & Insurance,0.9142857142857143,71.99999999999999,0.04292727071492282,683,11.006861964603994,0.1418712144178004,0.27590466193675506,0.19548459342538227,69.86453780276146,68.94103506433221,32,91.96891191709845,High,White-Space Opportunity,Strong overall market with room for category expansion.,Low unemployment,Recent labor momentum,Economic diversity,Category demand footprint,Business density,"Low unemployment, Recent labor momentum, and Economic diversity","White-Space Opportunity: strongest signals are low unemployment and recent labor momentum, while the main watchout is category demand footprint."
"Logan, UT-ID",UT,West,160053,81144,2.8,0.3999999999999999,0.4750507826844347,50.2022580154478,281.90661843264417,2.5348930945511072,0.26276503868727635,0.934131736526946,0.11933681933535162,0.39390247971487247,0.513731357559268,education,Education / Childcare Services,61,Educational Services,0.9086529340686337,60.0,0.013318234826846046,52,3.24892379399324,0.027313347814963515,0.2693253824049157,0.1241181616509444,67.32925023433269,68.93056346662736,26,93.52331606217616,High,White-Space Opportunity,Strong overall market with room for category expansion.,Low unemployment,Recent labor momentum,Economic diversity,Category demand footprint,Payroll efficiency,"Low unemployment, Recent labor momentum, and Economic diversity","White-Space Opportunity: strongest signals are low unemployment and recent labor momentum, while the main watchout is category demand footprint."
"Dubuque, IA",IA,Midwest,99242,80512,3.3,0.2999999999999998,0.5555408998364277,55.4356158063772,282.5416658269684,2.598351713371267,0.2571954809031144,0.904191616766467,0.1548059410203067,0.395407179781853,0.7351735388331267,construction,Construction / Trades,23,Construction,0.9095382726423052,64.0,0.04037068598210482,312,31.438302331674087,0.14315984112688485,0.23485402317606843,0.17983751394655828,69.06280450335811,68.8123173671909,30,92.48704663212435,High,White-Space Opportunity,Strong overall market with room for category expansion.,Low unemployment,Economic diversity,Recent labor momentum,Category demand footprint,Payroll efficiency,"Low unemployment, Economic diversity, and Recent labor momentum","White-Space Opportunity: strongest signals are low unemployment and economic diversity, while the main watchout is category demand footprint."
"San Jose-Sunnyvale-Santa Clara, CA",CA,West,1995484,164801,4.2,0.6000000000000001,0.7228693742998267,180.1413514796912,252.17942113291812,2.5559449797998663,1.0,0.8502994011976048,1.0,0.3234659797499566,0.5871930161343396,clinic,Health Clinic / Care Service,62,Health Care,1.0,51.99999999999999,0.11092517916801266,6467,32.40817766516795,0.11330474887726667,0.5219933620843917,0.2767801941601167,78.30340582480349,68.76384445501047,10,97.66839378238342,High,White-Space Opportunity,Strong overall market with room for category expansion.,Affluent demand,Payroll efficiency,Low unemployment,Category demand footprint,Business density,"Affluent demand, Payroll efficiency, and Low unemployment","White-Space Opportunity: strongest signals are affluent demand and payroll efficiency, while the main watchout is category demand footprint."
"Boston-Cambridge-Newton, MA-NH",MA,Northeast,5025517,117825,3.7,0.5,0.546399359690854,94.16167854468651,266.25519324678436,2.5636748719406754,0.5860197049544389,0.8802395209580838,0.41727212172460026,0.35681753025127616,0.6141668804966165,construction,Construction / Trades,23,Construction,0.96,55.99999999999999,0.04671022603538646,14628,29.107453024236115,0.18188484061557886,0.21135618821759727,0.19367337965638623,73.01020138969157,68.69568200958817,17,95.85492227979275,High,White-Space Opportunity,Strong overall market with room for category expansion.,Low unemployment,Economic diversity,Affluent demand,Category demand footprint,Category location density,"Low unemployment, Economic diversity, and Affluent demand","White-Space Opportunity: strongest signals are low unemployment and economic diversity, while the main watchout is category demand footprint."
"Madison, WI",WI,Midwest,707606,89714,2.4,0.19999999999999973,0.5383859400847394,68.72670511401805,251.42522816369564,2.5996180522835286,0.3382889472478277,0.9580838323353292,0.24488639850314928,0.3216789726360815,0.7395924949367552,construction,Construction / Trades,23,Construction,0.9142857142857143,68.0,0.05523485125111844,1668,23.57244003018629,0.23395740492561043,0.1555564325610909,0.20259701597980262,70.07791047939406,68.56539750911612,28,93.00518134715026,High,White-Space Opportunity,Strong overall market with room for category expansion.,Low unemployment,Economic diversity,Recent labor momentum,Category location density,Category demand footprint,"Low unemployment, Economic diversity, and Recent labor momentum","White-Space Opportunity: strongest signals are low unemployment and economic diversity, while the main watchout is category location density."
"Logan, UT-ID",UT,West,160053,81144,2.8,0.3999999999999999,0.4750507826844347,50.2022580154478,281.90661843264417,2.5348930945511072,0.26276503868727635,0.934131736526946,0.11933681933535162,0.39390247971487247,0.513731357559268,personal_services,Salon / Repair / Personal Services,81,Other Services,0.9086529340686337,60.0,0.02170128618993696,281,17.556684348309624,0.05813123283446195,0.2727196544944682,0.14396660149846446,67.9247034297583,68.0436129829477,42,89.37823834196891,High,White-Space Opportunity,Strong overall market with room for category expansion.,Low unemployment,Recent labor momentum,Economic diversity,Category demand footprint,Payroll efficiency,"Low unemployment, Recent labor momentum, and Economic diversity","White-Space Opportunity: strongest signals are low unemployment and recent labor momentum, while the main watchout is category demand footprint."
"Fargo, ND-MN",ND,Midwest,267793,76945,2.3,0.3999999999999999,0.5315457617920456,60.68639239776423,272.37455796081304,2.586875576792727,0.22576096727003542,0.9640718562874251,0.19039311875602685,0.3713169338822051,0.695126957867496,professional_services,Professional Services Firm,54,Professional Services,0.906115637858109,60.0,0.05607110181675598,634,23.675002707314977,0.13520626623752535,0.21192641098463474,0.16589432413636912,68.4049243741587,67.95551973805749,30,92.48704663212435,High,White-Space Opportunity,Strong overall market with room for category expansion.,Low unemployment,Economic diversity,Recent labor momentum,Category demand footprint,Payroll efficiency,"Low unemployment, Economic diversity, and Recent labor momentum","White-Space Opportunity: strongest signals are low unemployment and economic diversity, while the main watchout is category demand footprint."
"Washington-Arlington-Alexandria, DC-VA-MD-WV",DC,South,6437907,126244,3.0,0.5,0.5000727191479241,84.84786410689628,246.97778330752527,2.4567468739572513,0.6602129122089642,0.9221556886227544,0.35414767450685986,0.3111410653353318,0.2410360189535984,retail,Retail Store,44,Retail Trade,0.9054545454545455,55.99999999999999,0.09270448676892432,15148,23.52938618094359,0.14320308095883894,0.11968212984537942,0.13379470051345513,67.39565919722183,67.87690829098328,38,90.41450777202073,High,White-Space Opportunity,Strong overall market with room for category expansion.,Low unemployment,Affluent demand,Recent labor momentum,Category location density,Category demand footprint,"Low unemployment, Affluent demand, and Recent labor momentum","White-Space Opportunity: strongest signals are low unemployment and affluent demand, while the main watchout is category location density."
"Rochester, MN",MN,Midwest,230742,90584,2.5,0.10000000000000009,0.5502519701434465,73.27920223243598,230.30050879337097,2.5520779882662072,0.3459559017924811,0.9520958083832335,0.275740981872825,0.27162543815099754,0.5736989462018094,retail,Retail Store,44,Retail Trade,0.948791301410116,71.99999999999999,0.11186802363755745,727,31.50705116537085,0.2544768571632112,0.31076253093015566,0.276991126669989,74.72512489880779,67.69545439321544,14,96.6321243523316,High,White-Space Opportunity,Strong overall market with room for category expansion.,Low unemployment,Recent labor momentum,Economic diversity,Category demand footprint,Business density,"Low unemployment, Recent labor momentum, and Economic diversity","White-Space Opportunity: strongest signals are low unemployment and recent labor momentum, while the main watchout is category demand footprint."
"Bridgeport-Stamford-Danbury, CT",CT,Northeast,972679,116402,3.1,0.0,0.5698358800371669,99.26592255421856,276.51465694232115,2.568971814464969,0.5734793873486438,0.9161676646706587,0.451866173787615,0.38112660678293403,0.6326508394681475,retail,Retail Store,44,Retail Trade,0.9456381623769406,75.99999999999999,0.11555525510638405,3177,32.66236857174875,0.2758869012531149,0.3384346021216437,0.3009059816005264,75.22185081440162,67.52879412008828,11,97.40932642487047,High,White-Space Opportunity,Strong overall market with room for category expansion.,Low unemployment,Recent labor momentum,Economic diversity,Category demand footprint,Category location density,"Low unemployment, Recent labor momentum, and Economic diversity","White-Space Opportunity: strongest signals are low unemployment and recent labor momentum, while the main watchout is category demand footprint."
"Idaho Falls, ID",ID,West,171773,85767,3.1,0.3999999999999999,0.48603583413051743,58.41020892412755,290.61610381142555,2.499081973503822,0.30350564887110704,0.9161676646706587,0.1749662681891434,0.41453899180821485,0.3887665709627183,personal_services,Salon / Repair / Personal Services,81,Other Services,0.9,60.0,0.022382661033624632,303,17.63955918566946,0.06735504485714629,0.2755979844238891,0.15065222068384343,67.5195666205153,67.51180720922137,46,88.3419689119171,High,White-Space Opportunity,Strong overall market with room for category expansion.,Low unemployment,Recent labor momentum,Business density,Category demand footprint,Payroll efficiency,"Low unemployment, Recent labor momentum, and Business density","White-Space Opportunity: strongest signals are low unemployment and recent labor momentum, while the main watchout is category demand footprint."
"Boston-Cambridge-Newton, MA-NH",MA,Northeast,5025517,117825,3.7,0.5,0.546399359690854,94.16167854468651,266.25519324678436,2.5636748719406754,0.5860197049544389,0.8802395209580838,0.41727212172460026,0.35681753025127616,0.6141668804966165,retail,Retail Store,44,Retail Trade,0.96,55.99999999999999,0.09775500950142148,15568,30.977907347642045,0.17252912552480057,0.2980885200359255,0.22275288332925056,73.8825864998775,67.33950723613599,18,95.59585492227978,High,White-Space Opportunity,Strong overall market with room for category expansion.,Low unemployment,Economic diversity,Affluent demand,Category demand footprint,Category location density,"Low unemployment, Economic diversity, and Affluent demand","White-Space Opportunity: strongest signals are low unemployment and economic diversity, while the main watchout is category demand footprint."
"Raleigh-Cary, NC",NC,South,1562009,102144,3.1,0.10000000000000009,0.5306211177794002,68.96880703339697,251.29176592452413,2.5435479646833383,0.44782945873063434,0.9161676646706587,0.24652724607781648,0.3213627432616827,0.5439329811740947,finance,Finance / Insurance Services,52,Finance & Insurance,0.9079308182856936,71.99999999999999,0.046629128873817635,2125,13.604275007378318,0.15822408271398178,0.3933693680514946,0.2522821968489869,71.12362318546815,66.65876671288544,29,92.74611398963731,High,White-Space Opportunity,Strong overall market with room for category expansion.,Low unemployment,Recent labor momentum,Economic diversity,Category demand footprint,Payroll efficiency,"Low unemployment, Recent labor momentum, and Economic diversity","White-Space Opportunity: strongest signals are low unemployment and recent labor momentum, while the main watchout is category demand footprint."
"St. Cloud, MN",MN,Midwest,205878,75688,3.1,0.10000000000000009,0.5168887261459859,57.416614720927704,264.6713101934155,2.5605491265067855,0.21468353984172586,0.9161676646706587,0.16823217602371882,0.3530646309278651,0.6032594277367479,professional_services,Professional Services Firm,54,Professional Services,0.7621212121212121,71.99999999999999,0.0292182413646393,361,17.534656447022023,0.05197247225401291,0.13845166559017796,0.08656414958847893,55.94540933613922,66.60553161575217,62,84.19689119170984,High,White-Space Opportunity,Strong overall market with room for category expansion.,Low unemployment,Recent labor momentum,Economic diversity,Category demand footprint,Category location density,"Low unemployment, Recent labor momentum, and Economic diversity","White-Space Opportunity: strongest signals are low unemployment and recent labor momentum, while the main watchout is category demand footprint."
"Bloomington, IL",IL,Midwest,172069,81240,3.9,0.19999999999999973,0.4753872812184707,72.95727151301956,202.30256466882471,2.5444368477081114,0.26361104746461744,0.8682634730538922,0.2735590940070848,0.20528628177299302,0.5470347851459222,clinic,Health Clinic / Care Service,62,Health Care,0.8666666666666668,68.0,0.12376479925921026,367,21.328653040350094,0.15727405855565751,0.2299681917830693,0.18635171184662222,66.25721802206533,65.88089506764507,49,87.56476683937824,High,White-Space Opportunity,Strong overall market with room for category expansion.,Low unemployment,Recent labor momentum,Economic diversity,Category demand footprint,Business density,"Low unemployment, Recent labor momentum, and Economic diversity","White-Space Opportunity: strongest signals are low unemployment and recent labor momentum, while the main watchout is category demand footprint."
"Raleigh-Cary, NC",NC,South,1562009,102144,3.1,0.10000000000000009,0.5306211177794002,68.96880703339697,251.29176592452413,2.5435479646833383,0.44782945873063434,0.9161676646706587,0.24652724607781648,0.3213627432616827,0.5439329811740947,clinic,Health Clinic / Care Service,62,Health Care,0.9079308182856936,71.99999999999999,0.13602510724505312,4184,26.786017238056886,0.19925951254518373,0.37380899391115385,0.26907930509157174,71.6275364327457,65.86713293601154,34,91.45077720207254,High,White-Space Opportunity,Strong overall market with room for category expansion.,Low unemployment,Recent labor momentum,Economic diversity,Category demand footprint,Payroll efficiency,"Low unemployment, Recent labor momentum, and Economic diversity","White-Space Opportunity: strongest signals are low unemployment and recent labor momentum, while the main watchout is category demand footprint."
"Washington-Arlington-Alexandria, DC-VA-MD-WV",DC,South,6437907,126244,3.0,0.5,0.5000727191479241,84.84786410689628,246.97778330752527,2.4567468739572513,0.6602129122089642,0.9221556886227544,0.35414767450685986,0.3111410653353318,0.2410360189535984,finance,Finance / Insurance Services,52,Finance & Insurance,0.9054545454545455,55.99999999999999,0.03898779320031598,6970,10.826499978952787,0.12446866840254019,0.2677480201974956,0.18178040912052235,68.83523045543384,65.75205924010423,34,91.45077720207254,High,White-Space Opportunity,Strong overall market with room for category expansion.,Low unemployment,Affluent demand,Recent labor momentum,Category demand footprint,Economic diversity,"Low unemployment, Affluent demand, and Recent labor momentum","White-Space Opportunity: strongest signals are low unemployment and affluent demand, while the main watchout is category demand footprint."
"Rapid City, SD",SD,Midwest,153470,78056,1.8,0.0,0.5556613837365526,52.336815181518155,343.324428227015,2.56429746447075,0.23555175634947212,0.9940119760479041,0.13380379654032437,0.5394276536425969,0.6163394498097821,professional_services,Professional Services Firm,54,Professional Services,0.7621212121212121,75.99999999999999,0.03853135313531353,414,26.97595621294064,0.08083962507923904,0.25142527767773454,0.14907388611863726,57.82070143204396,65.58722858168552,57,85.49222797927462,High,White-Space Opportunity,Strong overall market with room for category expansion.,Low unemployment,Recent labor momentum,Economic diversity,Category demand footprint,Payroll efficiency,"Low unemployment, Recent labor momentum, and Economic diversity","White-Space Opportunity: strongest signals are low unemployment and recent labor momentum, while the main watchout is category demand footprint."
"St. Cloud, MN",MN,Midwest,205878,75688,3.1,0.10000000000000009,0.5168887261459859,57.416614720927704,264.6713101934155,2.5605491265067855,0.21468353984172586,0.9161676646706587,0.16823217602371882,0.3530646309278651,0.6032594277367479,technology,Technology / IT Services,51,Information,0.7621212121212121,71.99999999999999,0.012605499322231787,71,3.4486443427661038,0.06392001794458968,0.18547601759755128,0.11254241780577431,56.724757382658076,65.5104783857446,60,84.71502590673575,High,White-Space Opportunity,Strong overall market with room for category expansion.,Low unemployment,Recent labor momentum,Economic diversity,Category demand footprint,Payroll efficiency,"Low unemployment, Recent labor momentum, and Economic diversity","White-Space Opportunity: strongest signals are low unemployment and recent labor momentum, while the main watchout is category demand footprint."
"Fayetteville-Springdale-Rogers, AR",AR,South,605547,81208,2.7,0.30000000000000027,0.5447101567839068,67.28642829050865,236.3317793664241,2.613600354320637,0.2633290445388371,0.9401197604790419,0.23512491152788118,0.28591610892039326,0.7883844718170274,technology,Technology / IT Services,51,Information,0.8111779969158561,63.99999999999998,0.015391485317252228,239,3.9468447535864266,0.0826826537453565,0.23053146849545586,0.14182217964539623,61.03712517347182,65.42405621803468,44,88.86010362694302,High,White-Space Opportunity,Strong overall market with room for category expansion.,Low unemployment,Economic diversity,Recent labor momentum,Category demand footprint,Category location density,"Low unemployment, Economic diversity, and Recent labor momentum","White-Space Opportunity: strongest signals are low unemployment and economic diversity, while the main watchout is category demand footprint."
"Salt Lake City-Murray, UT",UT,West,1300762,100548,3.2,0.5,0.542054426191682,70.06115935763601,283.82594202475167,2.5825863613477873,0.4337645628073391,0.9101796407185628,0.25393067214939746,0.398450181765795,0.6801595154342985,clinic,Health Clinic / Care Service,62,Health Care,0.96,55.99999999999999,0.11516155875126974,3978,30.58207419958455,0.1278122408815779,0.4738624003705362,0.2662323046771612,75.18696914031483,65.23874896262741,20,95.07772020725389,High,White-Space Opportunity,Strong overall market with room for category expansion.,Low unemployment,Economic diversity,Recent labor momentum,Category demand footprint,Payroll efficiency,"Low unemployment, Economic diversity, and Recent labor momentum","White-Space Opportunity: strongest signals are low unemployment and economic diversity, while the main watchout is category demand footprint."
"Logan, UT-ID",UT,West,160053,81144,2.8,0.3999999999999999,0.4750507826844347,50.2022580154478,281.90661843264417,2.5348930945511072,0.26276503868727635,0.934131736526946,0.11933681933535162,0.39390247971487247,0.513731357559268,finance,Finance / Insurance Services,52,Finance & Insurance,0.9086529340686337,60.0,0.023104095188196123,235,14.682636376700218,0.054302819118336364,0.442136891447615,0.20943644805004782,69.88879882630579,65.1180171924748,31,92.2279792746114,High,White-Space Opportunity,Strong overall market with room for category expansion.,Low unemployment,Recent labor momentum,Economic diversity,Category demand footprint,Payroll efficiency,"Low unemployment, Recent labor momentum, and Economic diversity","White-Space Opportunity: strongest signals are low unemployment and recent labor momentum, while the main watchout is category demand footprint."
"Des Moines-West Des Moines, IA",IA,Midwest,753913,85446,3.0,0.2999999999999998,0.5438334659837256,65.6230887961026,251.30220595745132,2.5914859690038288,0.3006768070218728,0.9221556886227544,0.22385161562735334,0.32138748018428914,0.7112151634845723,clinic,Health Clinic / Care Service,62,Health Care,0.9142857142857143,64.0,0.13641410582936037,2060,27.324107688818206,0.20059163912652914,0.38799154784213297,0.2755516026127707,72.26654807838311,64.40505252705705,30,92.48704663212435,High,White-Space Opportunity,Strong overall market with room for category expansion.,Low unemployment,Economic diversity,Recent labor momentum,Category demand footprint,Payroll efficiency,"Low unemployment, Economic diversity, and Recent labor momentum","White-Space Opportunity: strongest signals are low unemployment and economic diversity, while the main watchout is category demand footprint."
"Rochester, MN",MN,Midwest,230742,90584,2.5,0.10000000000000009,0.5502519701434465,73.27920223243598,230.30050879337097,2.5520779882662072,0.3459559017924811,0.9520958083832335,0.275740981872825,0.27162543815099754,0.5736989462018094,personal_services,Salon / Repair / Personal Services,81,Other Services,0.948791301410116,71.99999999999999,0.030482600131319763,624,27.043191096549393,0.17700440500666434,0.6021959728678582,0.3470810321511419,76.82782206324238,64.28115525405416,19,95.33678756476684,High,White-Space Opportunity,Strong overall market with room for category expansion.,Low unemployment,Recent labor momentum,Category location density,Category demand footprint,Business density,"Low unemployment, Recent labor momentum, and Category location density","White-Space Opportunity: strongest signals are low unemployment and recent labor momentum, while the main watchout is category demand footprint."
"Austin-Round Rock-San Marcos, TX",TX,South,2550637,99897,3.5,0.0,0.5337636515578335,78.46639456278479,259.85665541588236,2.5453971393049013,0.42802756578599505,0.8922155688622754,0.3108972168023946,0.341656645585368,0.550385773077991,personal_services,Salon / Repair / Personal Services,81,Other Services,0.96,75.99999999999999,0.04187603886357442,5674,22.24542339815505,0.33123806674492945,0.43556447408448884,0.37296862968075317,78.38905889042259,64.01885929217079,15,96.37305699481865,High,White-Space Opportunity,Strong overall market with room for category expansion.,Low unemployment,Recent labor momentum,Economic diversity,Payroll efficiency,Category demand footprint,"Low unemployment, Recent labor momentum, and Economic diversity","White-Space Opportunity: strongest signals are low unemployment and recent labor momentum, while the main watchout is payroll efficiency."
"Idaho Falls, ID",ID,West,171773,85767,3.1,0.3999999999999999,0.48603583413051743,58.41020892412755,290.61610381142555,2.499081973503822,0.30350564887110704,0.9161676646706587,0.1749662681891434,0.41453899180821485,0.3887665709627183,finance,Finance / Insurance Services,52,Finance & Insurance,0.9,60.0,0.02381503559233752,275,16.009500911086143,0.05744338104597897,0.5021426548818503,0.2353230905803275,70.05969271740983,63.74120762170711,30,92.48704663212435,High,White-Space Opportunity,Strong overall market with room for category expansion.,Low unemployment,Recent labor momentum,Category location density,Category demand footprint,Payroll efficiency,"Low unemployment, Recent labor momentum, and Category location density","White-Space Opportunity: strongest signals are low unemployment and recent labor momentum, while the main watchout is category demand footprint."
"Seattle-Tacoma-Bellevue, WA",WA,West,4145494,112388,4.2,0.20000000000000018,0.5179830091449329,96.52518174596057,267.0007482823519,2.5731787482229294,0.5381056453460704,0.8502994011976048,0.4332907824005566,0.35858407038982726,0.6473311556357189,personal_services,Salon / Repair / Personal Services,81,Other Services,0.96,67.99999999999999,0.03596338493526453,9922,23.934421325902292,0.2511981167891087,0.49422514167719384,0.34840892674434276,77.65226780233027,63.40265547938968,17,95.85492227979275,High,White-Space Opportunity,Strong overall market with room for category expansion.,Low unemployment,Recent labor momentum,Economic diversity,Category demand footprint,Business density,"Low unemployment, Recent labor momentum, and Economic diversity","White-Space Opportunity: strongest signals are low unemployment and recent labor momentum, while the main watchout is category demand footprint."
"Seattle-Tacoma-Bellevue, WA",WA,West,4145494,112388,4.2,0.20000000000000018,0.5179830091449329,96.52518174596057,267.0007482823519,2.5731787482229294,0.5381056453460704,0.8502994011976048,0.4332907824005566,0.35858407038982726,0.6473311556357189,clinic,Health Clinic / Care Service,62,Health Care,0.96,67.99999999999999,0.15023607472241254,13557,32.70297822165465,0.24792500462387304,0.5297634772859153,0.36066039368868996,78.01981181066068,62.81341142318915,15,96.37305699481865,High,White-Space Opportunity,Strong overall market with room for category expansion.,Low unemployment,Recent labor momentum,Economic diversity,Category demand footprint,Business density,"Low unemployment, Recent labor momentum, and Economic diversity","White-Space Opportunity: strongest signals are low unemployment and recent labor momentum, while the main watchout is category demand footprint."
"Appleton, WI",WI,Midwest,248992,82501,2.5,0.20000000000000018,0.5302477212568717,59.78127756732915,251.89564323351752,2.5898062744663766,0.2747237252586496,0.9520958083832335,0.18425869620322485,0.3227935880071481,0.705353781230078,technology,Technology / IT Services,51,Information,0.7058900509352501,67.99999999999999,0.013431351351351352,77,3.092468834340059,0.06948184089538344,0.15326478737294696,0.10299501948640885,52.50215415005977,62.32379927001897,69,82.38341968911918,High,White-Space Opportunity,Strong overall market with room for category expansion.,Low unemployment,Economic diversity,Recent labor momentum,Category demand footprint,Category location density,"Low unemployment, Economic diversity, and Recent labor momentum","White-Space Opportunity: strongest signals are low unemployment and economic diversity, while the main watchout is category demand footprint."
"Midland, TX",TX,South,188071,89627,2.9,0.10000000000000009,0.6174697802098946,88.361703167297,331.15153319756905,2.6537894250969805,0.33752225179336237,0.9281437125748502,0.37796274509704925,0.5105848363507564,0.928626343788809,personal_services,Salon / Repair / Personal Services,81,Other Services,0.96,71.99999999999999,0.04069307220968073,493,26.21350447437404,0.3152241763794365,0.5733800872175675,0.41848654071468894,79.75459622144065,62.27125384684713,10,97.66839378238342,High,White-Space Opportunity,Strong overall market with room for category expansion.,Economic diversity,Low unemployment,Recent labor momentum,Category demand footprint,Affluent demand,"Economic diversity, Low unemployment, and Recent labor momentum","White-Space Opportunity: strongest signals are economic diversity and low unemployment, while the main watchout is category demand footprint."
"San Francisco-Oakland-Fremont, CA",CA,West,4648486,135590,4.2,0.6000000000000001,0.577280763262014,129.83934435994925,286.6438664115585,2.550544475111097,0.7425753917196891,0.8502994011976048,0.6590777694160384,0.40512705510071534,0.5683476715539616,clinic,Health Clinic / Care Service,62,Health Care,1.0,51.99999999999999,0.13204512520461345,16920,36.39894795853962,0.18563005453882903,0.6271788654357578,0.36224957889760057,80.86748736692802,62.256395885449976,2,99.74093264248705,High,White-Space Opportunity,Strong overall market with room for category expansion.,Low unemployment,Affluent demand,Payroll efficiency,Category demand footprint,Business density,"Low unemployment, Affluent demand, and Payroll efficiency","White-Space Opportunity: strongest signals are low unemployment and affluent demand, while the main watchout is category demand footprint."
"San Francisco-Oakland-Fremont, CA",CA,West,4648486,135590,4.2,0.6000000000000001,0.577280763262014,129.83934435994925,286.6438664115585,2.550544475111097,0.7425753917196891,0.8502994011976048,0.6590777694160384,0.40512705510071534,0.5683476715539616,personal_services,Salon / Repair / Personal Services,81,Other Services,1.0,51.99999999999999,0.037943825565295734,11353,24.4230056840012,0.2780074600789641,0.5111941883234868,0.37128215137677323,81.1384645413032,61.825294964279784,6,98.70466321243524,High,White-Space Opportunity,Strong overall market with room for category expansion.,Low unemployment,Affluent demand,Payroll efficiency,Category demand footprint,Business density,"Low unemployment, Affluent demand, and Payroll efficiency","White-Space Opportunity: strongest signals are low unemployment and affluent demand, while the main watchout is category demand footprint."
"Richmond, VA",VA,South,1368219,83460,3.0,0.20000000000000018,0.4924621918934539,67.60008895251464,245.49432510438754,2.5715348403348197,0.2831750004406296,0.9221556886227544,0.23725074901748613,0.30762611562043796,0.641594652772523,technology,Technology / IT Services,51,Information,0.7438319759381662,67.99999999999999,0.0173804874319826,536,3.9175015110885028,0.09607788342430795,0.22787777132291917,0.14879783858375245,56.53217347318421,61.710477364518724,62,84.19689119170984,High,White-Space Opportunity,Strong overall market with room for category expansion.,Low unemployment,Recent labor momentum,Economic diversity,Category demand footprint,Category location density,"Low unemployment, Recent labor momentum, and Economic diversity","White-Space Opportunity: strongest signals are low unemployment and recent labor momentum, while the main watchout is category demand footprint."
"Durham-Chapel Hill, NC",NC,South,620522,83542,3.2,0.10000000000000009,0.4907960290661043,83.54472092553891,229.1135527829795,2.5496255304769577,0.28389763293794174,0.9101796407185628,0.34531561181995624,0.2688130294956728,0.5651409660183366,personal_services,Salon / Repair / Personal Services,81,Other Services,0.9142857142857143,71.99999999999999,0.03923579236573631,1398,22.529418779672596,0.29549689194926543,0.44542793122637186,0.355469307660108,74.66407922980322,61.44399442305159,30,92.48704663212435,High,White-Space Opportunity,Strong overall market with room for category expansion.,Low unemployment,Recent labor momentum,Economic diversity,Business density,Affluent demand,"Low unemployment, Recent labor momentum, and Economic diversity","White-Space Opportunity: strongest signals are low unemployment and recent labor momentum, while the main watchout is business density."
"Provo-Orem-Lehi, UT",UT,West,760154,101014,3.3,0.5999999999999996,0.5055013959447268,55.6873894673904,234.89977030970041,2.5439500205235057,0.43787123041401554,0.904191616766467,0.15651233889645078,0.2825230643337579,0.5453359761320038,personal_services,Salon / Repair / Personal Services,81,Other Services,0.7621212121212121,52.000000000000014,0.02231002798658661,1085,14.273423543124157,0.06637180695407426,0.1586885668601416,0.10329851091650119,56.44744017597988,60.99639815325485,80,79.53367875647669,High,White-Space Opportunity,Strong overall market with room for category expansion.,Low unemployment,Economic diversity,Recent labor momentum,Category demand footprint,Payroll efficiency,"Low unemployment, Economic diversity, and Recent labor momentum","White-Space Opportunity: strongest signals are low unemployment and economic diversity, while the main watchout is category demand footprint."
